Category,Clip,Meaning,What_it_means,Direction,Phase,Turn,Distance
Action,@CA_BackDamage1,Back Damage1,Hit reaction / damage,,,,
Action,@CA_BackDamage2,Back Damage2,Hit reaction / damage,,,,
Action,@CA_BackDamage3,Back Damage3,Hit reaction / damage,,,,
Action,@CA_BackDamage_Knockdown,Back Damage Knockdown,Hit reaction / damage,,,,
Action,@CA_BattleStance_End,Battle Stance End,Combat stance (start/loop/end),,End,,
Action,@CA_BattleStance_Loop,Battle Stance Loop,Combat stance (start/loop/end),,Loop,,
Action,@CA_BattleStance_Start,Battle Stance Start,Combat stance (start/loop/end),,Start,,
Action,@CA_Chest_Open1,Chest Open1,Open chest interaction,,,,
Action,@CA_Chest_Open2,Chest Open2,Open chest interaction,,,,
Action,@CA_ClimbDown_1m,Climb Down 1m,Climb action (non-wallclimb set),,,,1m
Action,@CA_ClimbDown_2m,Climb Down 2m,Climb action (non-wallclimb set),,,,2m
Action,@CA_ClimbUp,Climb Up,Climb action (non-wallclimb set),,,,
Action,@CA_ClimbUp_1m,Climb Up 1m,Climb action (non-wallclimb set),,,,1m
Action,@CA_ClimbUp_2m,Climb Up 2m,Climb action (non-wallclimb set),,,,2m
Action,@CA_Damage1,Damage1,Hit reaction / damage,,,,
Action,@CA_Damage2,Damage2,Hit reaction / damage,,,,
Action,@CA_Damage3,Damage3,Hit reaction / damage,,,,
Action,@CA_Damage_Knockdown,Damage Knockdown,Hit reaction / damage,,,,
Action,@CA_Dash_BL,Dash Back-Left,Dash / dodge,Back-Left,,,
Action,@CA_Dash_BR,Dash Back-Right,Dash / dodge,Back-Right,,,
Action,@CA_Dash_Bwd,Dash Backward,Dash / dodge,Backward,,,
Action,@CA_Dash_FL,Dash Forward-Left,Dash / dodge,Forward-Left,,,
Action,@CA_Dash_FR,Dash Forward-Right,Dash / dodge,Forward-Right,,,
Action,@CA_Dash_Fwd,Dash Forward,Dash / dodge,Forward,,,
Action,@CA_Dash_Left,Dash Left,Dash / dodge,Left,,,
Action,@CA_Dash_Left2,Dash Left2,Dash / dodge,,,,
Action,@CA_Dash_Right,Dash Right,Dash / dodge,Right,,,
Action,@CA_Evade1_Bwd,Evade1 Backward,Action / interaction,Backward,,,
Action,@CA_Evade1_Fwd,Evade1 Forward,Action / interaction,Forward,,,
Action,@CA_Evade1_Left,Evade1 Left,Action / interaction,Left,,,
Action,@CA_Evade1_Right,Evade1 Right,Action / interaction,Right,,,
Action,@CA_Evade2_Bwd,Evade2 Backward,Action / interaction,Backward,,,
Action,@CA_Evade2_Fwd,Evade2 Forward,Action / interaction,Forward,,,
Action,@CA_Evade2_Left,Evade2 Left,Action / interaction,Left,,,
Action,@CA_Evade2_Right,Evade2 Right,Action / interaction,Right,,,
Action,@CA_Evade3_Bwd,Evade3 Backward,Action / interaction,Backward,,,
Action,@CA_Evade3_Fwd,Evade3 Forward,Action / interaction,Forward,,,
Action,@CA_Evade3_Left,Evade3 Left,Action / interaction,Left,,,
Action,@CA_Evade3_Right,Evade3 Right,Action / interaction,Right,,,
Action,@CA_Fly_End,Fly End,Flying start/hover/end,,End,,
Action,@CA_Fly_Loop1,Fly Loop1,Flying start/hover/end,,,,
Action,@CA_Fly_Loop2,Fly Loop2,Flying start/hover/end,,,,
Action,@CA_Fly_Start,Fly Start,Flying start/hover/end,,Start,,
Action,@CA_Flying_End,Flying End,Flying start/hover/end,,End,,
Action,@CA_Flying_Loop,Flying Loop,Flying start/hover/end,,Loop,,
Action,@CA_Flying_Start,Flying Start,Flying start/hover/end,,Start,,
Action,@CA_GrapplingHook_Air,Grappling Hook Air,Action / interaction,,,,
Action,@CA_GrapplingHook_Air_Down,Grappling Hook Air Down,Action / interaction,Down,,,
Action,@CA_GrapplingHook_Air_Up,Grappling Hook Air Up,Action / interaction,Up,,,
Action,@CA_GrapplingHook_Ground,Grappling Hook Ground,Action / interaction,,,,
Action,@CA_GrapplingHook_Ground_Up,Grappling Hook Ground Up,Action / interaction,Up,,,
Action,@CA_GrapplingHook_Hanging_End,Grappling Hook Hanging End,Action / interaction,,End,,
Action,@CA_GrapplingHook_Hanging_Loop,Grappling Hook Hanging Loop,Action / interaction,,Loop,,
Action,@CA_GrapplingHook_Hanging_Start,Grappling Hook Hanging Start,Action / interaction,,Start,,
Action,@CA_JumpOver_BL,Jump Over Back-Left,Action / interaction,Back-Left,,,
Action,@CA_JumpOver_BR,Jump Over Back-Right,Action / interaction,Back-Right,,,
Action,@CA_JumpOver_Bwd,Jump Over Backward,Action / interaction,Backward,,,
Action,@CA_JumpOver_FL,Jump Over Forward-Left,Action / interaction,Forward-Left,,,
Action,@CA_JumpOver_FR,Jump Over Forward-Right,Action / interaction,Forward-Right,,,
Action,@CA_JumpOver_Fwd,Jump Over Forward,Action / interaction,Forward,,,
Action,@CA_JumpOver_Left,Jump Over Left,Action / interaction,Left,,,
Action,@CA_JumpOver_Left2,Jump Over Left2,Action / interaction,,,,
Action,@CA_JumpOver_Right,Jump Over Right,Action / interaction,Right,,,
Action,@CA_Jump_2nd_End,Jump 2nd End,Action / interaction,,End,,
Action,@CA_Jump_2nd_Start,Jump 2nd Start,Action / interaction,,Start,,
Action,@CA_Jump_End,Jump End,Action / interaction,,End,,
Action,@CA_Jump_Gliding_End,Jump Gliding End,Action / interaction,,End,,
Action,@CA_Jump_Gliding_Loop,Jump Gliding Loop,Action / interaction,,Loop,,
Action,@CA_Jump_Gliding_Start,Jump Gliding Start,Action / interaction,,Start,,
Action,@CA_Jump_HighFall_End,Jump High Fall End,Action / interaction,,End,,
Action,@CA_Jump_HighFall_Loop,Jump High Fall Loop,Action / interaction,,Loop,,
Action,@CA_Jump_HighFall_Start,Jump High Fall Start,Action / interaction,,Start,,
Action,@CA_Jump_Loop,Jump Loop,Action / interaction,,Loop,,
Action,@CA_Jump_Start,Jump Start,Action / interaction,,Start,,
Action,@CA_PickUp1,Pick Up1,Action / interaction,,,,
Action,@CA_PickUp2,Pick Up2,Action / interaction,,,,
Action,@CA_PushButton1,Push Button1,Action / interaction,,,,
Action,@CA_PushButton2,Push Button2,Action / interaction,,,,
Action,@CA_SelfDestruction_End,Self Destruction End,Action / interaction,,End,,
Action,@CA_SelfDestruction_Injury,Self Destruction Injury,Action / interaction,,,,
Action,@CA_SelfDestruction_Injury_End1,Self Destruction Injury End1,Action / interaction,,,,
Action,@CA_SelfDestruction_Injury_End2,Self Destruction Injury End2,Action / interaction,,,,
Action,@CA_SelfDestruction_Loop,Self Destruction Loop,Action / interaction,,Loop,,
Action,@CA_SelfDestruction_Start,Self Destruction Start,Action / interaction,,Start,,
Action,@CA_ShowItem1_End,Show Item1 End,Action / interaction,,End,,
Action,@CA_ShowItem1_Loop,Show Item1 Loop,Action / interaction,,Loop,,
Action,@CA_ShowItem1_Start,Show Item1 Start,Action / interaction,,Start,,
Action,@CA_ShowItem2_End,Show Item2 End,Action / interaction,,End,,
Action,@CA_ShowItem2_Loop,Show Item2 Loop,Action / interaction,,Loop,,
Action,@CA_ShowItem2_Start,Show Item2 Start,Action / interaction,,Start,,
Action,@CA_Sliding_End_BattleStance,Sliding End Battle Stance,Combat stance (start/loop/end),,End,,
Action,@CA_Sliding_End_Crouch,Sliding End Crouch,Action / interaction,,End,,
Action,@CA_Sliding_Loop,Sliding Loop,Action / interaction,,Loop,,
Action,@CA_Sliding_Start,Sliding Start,Action / interaction,,Start,,
Action,@CA_Stun1_End1,Stun1 End1,Action / interaction,,,,
Action,@CA_Stun1_End2,Stun1 End2,Action / interaction,,,,
Action,@CA_Stun1_Loop,Stun1 Loop,Action / interaction,,Loop,,
Action,@CA_Stun1_Start,Stun1 Start,Action / interaction,,Start,,
Action,@CA_Stun2_End1,Stun2 End1,Action / interaction,,,,
Action,@CA_Stun2_End2,Stun2 End2,Action / interaction,,,,
Action,@CA_Stun2_Loop,Stun2 Loop,Action / interaction,,Loop,,
Action,@CA_Stun2_Start,Stun2 Start,Action / interaction,,Start,,
Action,@CA_SuddenStop_BL,Sudden Stop Back-Left,Action / interaction,Back-Left,,,
Action,@CA_SuddenStop_BR,Sudden Stop Back-Right,Action / interaction,Back-Right,,,
Action,@CA_SuddenStop_Bwd,Sudden Stop Backward,Action / interaction,Backward,,,
Action,@CA_SuddenStop_FL,Sudden Stop Forward-Left,Action / interaction,Forward-Left,,,
Action,@CA_SuddenStop_FR,Sudden Stop Forward-Right,Action / interaction,Forward-Right,,,
Action,@CA_SuddenStop_Fwd,Sudden Stop Forward,Action / interaction,Forward,,,
Action,@CA_SuddenStop_Fwd2,Sudden Stop Fwd2,Action / interaction,,,,
Action,@CA_SuddenStop_Left,Sudden Stop Left,Action / interaction,Left,,,
Action,@CA_SuddenStop_Left2,Sudden Stop Left2,Action / interaction,,,,
Action,@CA_SuddenStop_Right,Sudden Stop Right,Action / interaction,Right,,,
Idle,@CA_Idle01_Breathing,Idle01 Breathing,Idle / emote / ambient action,,,,
Idle,@CA_Idle02_LookAround,Idle02 Look Around,Idle / emote / ambient action,,,,
Idle,@CA_Idle03_Stretch,Idle03 Stretch,Idle / emote / ambient action,,,,
Idle,@CA_Idle04_ArmsFolded,Idle04 Arms Folded,Idle / emote / ambient action,,,,
Idle,@CA_Idle04_ArmsFolded_End,Idle04 Arms Folded End,Idle / emote / ambient action,,End,,
Idle,@CA_Idle04_ArmsFolded_Loop,Idle04 Arms Folded Loop,Idle / emote / ambient action,,Loop,,
Idle,@CA_Idle04_ArmsFolded_Start,Idle04 Arms Folded Start,Idle / emote / ambient action,,Start,,
Idle,@CA_Idle05_LookBody,Idle05 Look Body,Idle / emote / ambient action,,,,
Idle,@CA_Idle06_Phew,Idle06 Phew,Idle / emote / ambient action,,,,
Idle,@CA_Idle07_Bright,Idle07 Bright,Idle / emote / ambient action,,,,
Idle,@CA_Idle08_LookDown,Idle08 Look Down,Idle / emote / ambient action,,,,
Idle,@CA_Idle09_CoolPose1,Idle09 Cool Pose1,Idle / emote / ambient action,,,,
Idle,@CA_Idle10_CoolPose2,Idle10 Cool Pose2,Idle / emote / ambient action,,,,
Idle,@CA_Idle11_PeepPrevention1,Idle11 Peep Prevention1,Idle / emote / ambient action,,,,
Idle,@CA_Idle12_PeepPrevention2,Idle12 Peep Prevention2,Idle / emote / ambient action,,,,
Idle,@CA_Idle13_PatHead1,Idle13 Pat Head1,Idle / emote / ambient action,,,,
Idle,@CA_Idle14_PatHead2,Idle14 Pat Head2,Idle / emote / ambient action,,,,
Idle,@CA_Idle15_Happy1,Idle15 Happy1,Idle / emote / ambient action,,,,
Idle,@CA_Idle16_Happy2,Idle16 Happy2,Idle / emote / ambient action,,,,
Idle,@CA_Idle17_Surprised1,Idle17 Surprised1,Idle / emote / ambient action,,,,
Idle,@CA_Idle18_Surprised2,Idle18 Surprised2,Idle / emote / ambient action,,,,
Idle,@CA_Idle19_Cry,Idle19 Cry,Idle / emote / ambient action,,,,
Idle,@CA_Idle20_Depressed,Idle20 Depressed,Idle / emote / ambient action,,,,
Idle,@CA_Idle21_Angry,Idle21 Angry,Idle / emote / ambient action,,,,
Idle,@CA_Idle22_Wind1,Idle22 Wind1,Idle / emote / ambient action,,,,
Idle,@CA_Idle23_Wind2,Idle23 Wind2,Idle / emote / ambient action,,,,
Idle,@CA_Idle24_Wind3,Idle24 Wind3,Idle / emote / ambient action,,,,
Idle,@CA_Idle25_StiffShoulders,Idle25 Stiff Shoulders,Idle / emote / ambient action,,,,
Idle,@CA_Idle26_HairFlip,Idle26 Hair Flip,Idle / emote / ambient action,,,,
Idle,@CA_Idle27_Taunt,Idle27 Taunt,Idle / emote / ambient action,,,,
Idle,@CA_Idle28_FashionModel01,Idle28 Fashion Model01,Idle / emote / ambient action,,,,
Idle,@CA_Idle29_FashionModel02,Idle29 Fashion Model02,Idle / emote / ambient action,,,,
Idle,@CA_Idle30_FashionModel03,Idle30 Fashion Model03,Idle / emote / ambient action,,,,
Idle,@CA_Idle31_FashionModel04,Idle31 Fashion Model04,Idle / emote / ambient action,,,,
Idle,@CA_Idle32_FashionModel05,Idle32 Fashion Model05,Idle / emote / ambient action,,,,
Idle,@CA_Idle33_LookBehind01,Idle33 Look Behind01,Idle / emote / ambient action,,,,
Idle,@CA_Idle34_LookBehind02,Idle34 Look Behind02,Idle / emote / ambient action,,,,
Idle,@CA_Idle35_LookBehind03,Idle35 Look Behind03,Idle / emote / ambient action,,,,
Idle,@CA_Idle36_LookBehind04,Idle36 Look Behind04,Idle / emote / ambient action,,,,
Idle,@CA_Idle37_LookBehind05,Idle37 Look Behind05,Idle / emote / ambient action,,,,
Ladder,@CA_LadderClimb1Down_1,Ladder Climb1 Down 1,Ladder movement (mount/dismount/up/down),,,,
Ladder,@CA_LadderClimb1Down_2,Ladder Climb1 Down 2,Ladder movement (mount/dismount/up/down),,,,
Ladder,@CA_LadderClimb1Up_1,Ladder Climb1 Up 1,Ladder movement (mount/dismount/up/down),,,,
Ladder,@CA_LadderClimb1Up_2,Ladder Climb1 Up 2,Ladder movement (mount/dismount/up/down),,,,
Ladder,@CA_LadderClimb2Down_Loop,Ladder Climb2 Down Loop,Ladder movement (mount/dismount/up/down),,Loop,,
Ladder,@CA_LadderClimb2Down_Start,Ladder Climb2 Down Start,Ladder movement (mount/dismount/up/down),,Start,,
Ladder,@CA_LadderClimb2Down_Stop,Ladder Climb2 Down Stop,Ladder movement (mount/dismount/up/down),,Stop,,
Ladder,@CA_LadderClimb2Up_Loop,Ladder Climb2 Up Loop,Ladder movement (mount/dismount/up/down),,Loop,,
Ladder,@CA_LadderClimb2Up_Start,Ladder Climb2 Up Start,Ladder movement (mount/dismount/up/down),,Start,,
Ladder,@CA_LadderClimb2Up_Stop,Ladder Climb2 Up Stop,Ladder movement (mount/dismount/up/down),,Stop,,
Ladder,@CA_LadderClimb_End,Ladder Climb End,Ladder movement (mount/dismount/up/down),,End,,
Ladder,@CA_LadderClimb_End_Top,Ladder Climb End Top,Ladder movement (mount/dismount/up/down),,End,,
Ladder,@CA_LadderClimb_Idle01,Ladder Climb Idle01,Ladder movement (mount/dismount/up/down),,,,
Ladder,@CA_LadderClimb_Idle02,Ladder Climb Idle02,Ladder movement (mount/dismount/up/down),,,,
Ladder,@CA_LadderClimb_Idle03,Ladder Climb Idle03,Ladder movement (mount/dismount/up/down),,,,
Ladder,@CA_LadderClimb_JumpBack_End,Ladder Climb Jump Back End,Ladder movement (mount/dismount/up/down),,End,,
Ladder,@CA_LadderClimb_JumpBack_Set,Ladder Climb Jump Back Set,Ladder movement (mount/dismount/up/down),,,,
Ladder,@CA_LadderClimb_JumpBack_Set_End,Ladder Climb Jump Back Set End,Ladder movement (mount/dismount/up/down),,End,,
Ladder,@CA_LadderClimb_JumpBack_Set_Loop,Ladder Climb Jump Back Set Loop,Ladder movement (mount/dismount/up/down),,Loop,,
Ladder,@CA_LadderClimb_JumpBack_Start,Ladder Climb Jump Back Start,Ladder movement (mount/dismount/up/down),,Start,,
Ladder,@CA_LadderClimb_JumpLeft_End,Ladder Climb Jump Left End,Ladder movement (mount/dismount/up/down),,End,,
Ladder,@CA_LadderClimb_JumpLeft_Set,Ladder Climb Jump Left Set,Ladder movement (mount/dismount/up/down),,,,
Ladder,@CA_LadderClimb_JumpLeft_Set_End,Ladder Climb Jump Left Set End,Ladder movement (mount/dismount/up/down),,End,,
Ladder,@CA_LadderClimb_JumpLeft_Set_Loop,Ladder Climb Jump Left Set Loop,Ladder movement (mount/dismount/up/down),,Loop,,
Ladder,@CA_LadderClimb_JumpLeft_Start,Ladder Climb Jump Left Start,Ladder movement (mount/dismount/up/down),,Start,,
Ladder,@CA_LadderClimb_JumpRight_End,Ladder Climb Jump Right End,Ladder movement (mount/dismount/up/down),,End,,
Ladder,@CA_LadderClimb_JumpRight_Set,Ladder Climb Jump Right Set,Ladder movement (mount/dismount/up/down),,,,
Ladder,@CA_LadderClimb_JumpRight_Set_End,Ladder Climb Jump Right Set End,Ladder movement (mount/dismount/up/down),,End,,
Ladder,@CA_LadderClimb_JumpRight_Set_Loop,Ladder Climb Jump Right Set Loop,Ladder movement (mount/dismount/up/down),,Loop,,
Ladder,@CA_LadderClimb_JumpRight_Start,Ladder Climb Jump Right Start,Ladder movement (mount/dismount/up/down),,Start,,
Ladder,@CA_LadderClimb_JumpUp_End,Ladder Climb Jump Up End,Ladder movement (mount/dismount/up/down),,End,,
Ladder,@CA_LadderClimb_JumpUp_Set,Ladder Climb Jump Up Set,Ladder movement (mount/dismount/up/down),,,,
Ladder,@CA_LadderClimb_JumpUp_Set_End,Ladder Climb Jump Up Set End,Ladder movement (mount/dismount/up/down),,End,,
Ladder,@CA_LadderClimb_JumpUp_Set_Loop,Ladder Climb Jump Up Set Loop,Ladder movement (mount/dismount/up/down),,Loop,,
Ladder,@CA_LadderClimb_JumpUp_Start,Ladder Climb Jump Up Start,Ladder movement (mount/dismount/up/down),,Start,,
Ladder,@CA_LadderClimb_Release_End,Ladder Climb Release End,Ladder movement (mount/dismount/up/down),,End,,
Ladder,@CA_LadderClimb_Release_Start,Ladder Climb Release Start,Ladder movement (mount/dismount/up/down),,Start,,
Ladder,@CA_LadderClimb_SlideDown1_End,Ladder Climb Slide Down1 End,Ladder movement (mount/dismount/up/down),,End,,
Ladder,@CA_LadderClimb_SlideDown1_Loop,Ladder Climb Slide Down1 Loop,Ladder movement (mount/dismount/up/down),,Loop,,
Ladder,@CA_LadderClimb_SlideDown1_Start,Ladder Climb Slide Down1 Start,Ladder movement (mount/dismount/up/down),,Start,,
Ladder,@CA_LadderClimb_SlideDown1_Stop,Ladder Climb Slide Down1 Stop,Ladder movement (mount/dismount/up/down),,Stop,,
Ladder,@CA_LadderClimb_SlideDown2_End,Ladder Climb Slide Down2 End,Ladder movement (mount/dismount/up/down),,End,,
Ladder,@CA_LadderClimb_SlideDown2_Loop,Ladder Climb Slide Down2 Loop,Ladder movement (mount/dismount/up/down),,Loop,,
Ladder,@CA_LadderClimb_SlideDown2_Start,Ladder Climb Slide Down2 Start,Ladder movement (mount/dismount/up/down),,Start,,
Ladder,@CA_LadderClimb_SlideDown2_Stop,Ladder Climb Slide Down2 Stop,Ladder movement (mount/dismount/up/down),,Stop,,
Ladder,@CA_LadderClimb_Start,Ladder Climb Start,Ladder movement (mount/dismount/up/down),,Start,,
Ladder,@CA_LadderClimb_Start_Top,Ladder Climb Start Top,Ladder movement (mount/dismount/up/down),,Start,,
Locomotion,@CA_Crouch_End,Crouch End,Crouch locomotion,,End,,
Locomotion,@CA_Crouch_Loop,Crouch Loop,Crouch locomotion,,Loop,,
Locomotion,@CA_Crouch_Start,Crouch Start,Crouch locomotion,,Start,,
Locomotion,@CA_Crouch_TurnLeft_180,Crouch Turn Left 180,Crouch locomotion,,,180°,
Locomotion,@CA_Crouch_TurnLeft_90,Crouch Turn Left 90,Crouch locomotion,,,90°,
Locomotion,@CA_Crouch_TurnRight_180,Crouch Turn Right 180,Crouch locomotion,,,180°,
Locomotion,@CA_Crouch_TurnRight_90,Crouch Turn Right 90,Crouch locomotion,,,90°,
Locomotion,@CA_Crouch_Walk_BL_Loop,Crouch Walk Back-Left Loop,Walk locomotion (start/loop/stop or directional),Back-Left,Loop,,
Locomotion,@CA_Crouch_Walk_BL_Pivot,Crouch Walk Back-Left Pivot,Walk locomotion (start/loop/stop or directional),Back-Left,,,
Locomotion,@CA_Crouch_Walk_BL_Start,Crouch Walk Back-Left Start,Walk locomotion (start/loop/stop or directional),Back-Left,Start,,
Locomotion,@CA_Crouch_Walk_BL_Stop,Crouch Walk Back-Left Stop,Walk locomotion (start/loop/stop or directional),Back-Left,Stop,,
Locomotion,@CA_Crouch_Walk_BR_Loop,Crouch Walk Back-Right Loop,Walk locomotion (start/loop/stop or directional),Back-Right,Loop,,
Locomotion,@CA_Crouch_Walk_BR_Pivot,Crouch Walk Back-Right Pivot,Walk locomotion (start/loop/stop or directional),Back-Right,,,
Locomotion,@CA_Crouch_Walk_BR_Start,Crouch Walk Back-Right Start,Walk locomotion (start/loop/stop or directional),Back-Right,Start,,
Locomotion,@CA_Crouch_Walk_BR_Stop,Crouch Walk Back-Right Stop,Walk locomotion (start/loop/stop or directional),Back-Right,Stop,,
Locomotion,@CA_Crouch_Walk_Bwd_Loop,Crouch Walk Backward Loop,Walk locomotion (start/loop/stop or directional),Backward,Loop,,
Locomotion,@CA_Crouch_Walk_Bwd_Pivot,Crouch Walk Backward Pivot,Walk locomotion (start/loop/stop or directional),Backward,,,
Locomotion,@CA_Crouch_Walk_Bwd_Start,Crouch Walk Backward Start,Walk locomotion (start/loop/stop or directional),Backward,Start,,
Locomotion,@CA_Crouch_Walk_Bwd_Stop,Crouch Walk Backward Stop,Walk locomotion (start/loop/stop or directional),Backward,Stop,,
Locomotion,@CA_Crouch_Walk_FL_Loop,Crouch Walk Forward-Left Loop,Walk locomotion (start/loop/stop or directional),Forward-Left,Loop,,
Locomotion,@CA_Crouch_Walk_FL_Pivot,Crouch Walk Forward-Left Pivot,Walk locomotion (start/loop/stop or directional),Forward-Left,,,
Locomotion,@CA_Crouch_Walk_FL_Start,Crouch Walk Forward-Left Start,Walk locomotion (start/loop/stop or directional),Forward-Left,Start,,
Locomotion,@CA_Crouch_Walk_FL_Stop,Crouch Walk Forward-Left Stop,Walk locomotion (start/loop/stop or directional),Forward-Left,Stop,,
Locomotion,@CA_Crouch_Walk_FR_Loop,Crouch Walk Forward-Right Loop,Walk locomotion (start/loop/stop or directional),Forward-Right,Loop,,
Locomotion,@CA_Crouch_Walk_FR_Pivot,Crouch Walk Forward-Right Pivot,Walk locomotion (start/loop/stop or directional),Forward-Right,,,
Locomotion,@CA_Crouch_Walk_FR_Start,Crouch Walk Forward-Right Start,Walk locomotion (start/loop/stop or directional),Forward-Right,Start,,
Locomotion,@CA_Crouch_Walk_FR_Stop,Crouch Walk Forward-Right Stop,Walk locomotion (start/loop/stop or directional),Forward-Right,Stop,,
Locomotion,@CA_Crouch_Walk_Fwd_Loop,Crouch Walk Forward Loop,Walk locomotion (start/loop/stop or directional),Forward,Loop,,
Locomotion,@CA_Crouch_Walk_Fwd_Pivot,Crouch Walk Forward Pivot,Walk locomotion (start/loop/stop or directional),Forward,,,
Locomotion,@CA_Crouch_Walk_Fwd_Start,Crouch Walk Forward Start,Walk locomotion (start/loop/stop or directional),Forward,Start,,
Locomotion,@CA_Crouch_Walk_Fwd_Stop,Crouch Walk Forward Stop,Walk locomotion (start/loop/stop or directional),Forward,Stop,,
Locomotion,@CA_Crouch_Walk_Fwd_TurnL,Crouch Walk Forward Turn L,Walk locomotion (start/loop/stop or directional),Forward,,,
Locomotion,@CA_Crouch_Walk_Fwd_TurnL_180,Crouch Walk Forward Turn L 180,Walk locomotion (start/loop/stop or directional),Forward,,180°,
Locomotion,@CA_Crouch_Walk_Fwd_TurnL_90,Crouch Walk Forward Turn L 90,Walk locomotion (start/loop/stop or directional),Forward,,90°,
Locomotion,@CA_Crouch_Walk_Fwd_TurnR,Crouch Walk Forward Turn R,Walk locomotion (start/loop/stop or directional),Forward,,,
Locomotion,@CA_Crouch_Walk_Fwd_TurnR_180,Crouch Walk Forward Turn R 180,Walk locomotion (start/loop/stop or directional),Forward,,180°,
Locomotion,@CA_Crouch_Walk_Fwd_TurnR_90,Crouch Walk Forward Turn R 90,Walk locomotion (start/loop/stop or directional),Forward,,90°,
Locomotion,@CA_Crouch_Walk_Left_Loop,Crouch Walk Left Loop,Walk locomotion (start/loop/stop or directional),Left,Loop,,
Locomotion,@CA_Crouch_Walk_Left_Pivot,Crouch Walk Left Pivot,Walk locomotion (start/loop/stop or directional),Left,,,
Locomotion,@CA_Crouch_Walk_Left_Start,Crouch Walk Left Start,Walk locomotion (start/loop/stop or directional),Left,Start,,
Locomotion,@CA_Crouch_Walk_Left_Stop,Crouch Walk Left Stop,Walk locomotion (start/loop/stop or directional),Left,Stop,,
Locomotion,@CA_Crouch_Walk_Right_Loop,Crouch Walk Right Loop,Walk locomotion (start/loop/stop or directional),Right,Loop,,
Locomotion,@CA_Crouch_Walk_Right_Pivot,Crouch Walk Right Pivot,Walk locomotion (start/loop/stop or directional),Right,,,
Locomotion,@CA_Crouch_Walk_Right_Start,Crouch Walk Right Start,Walk locomotion (start/loop/stop or directional),Right,Start,,
Locomotion,@CA_Crouch_Walk_Right_Stop,Crouch Walk Right Stop,Walk locomotion (start/loop/stop or directional),Right,Stop,,
Locomotion,@CA_InjuredWalk_BL_Loop,Injured Walk Back-Left Loop,Walk locomotion (start/loop/stop or directional),Back-Left,Loop,,
Locomotion,@CA_InjuredWalk_BL_Pivot,Injured Walk Back-Left Pivot,Walk locomotion (start/loop/stop or directional),Back-Left,,,
Locomotion,@CA_InjuredWalk_BL_Start,Injured Walk Back-Left Start,Walk locomotion (start/loop/stop or directional),Back-Left,Start,,
Locomotion,@CA_InjuredWalk_BL_Stop,Injured Walk Back-Left Stop,Walk locomotion (start/loop/stop or directional),Back-Left,Stop,,
Locomotion,@CA_InjuredWalk_BR_Loop,Injured Walk Back-Right Loop,Walk locomotion (start/loop/stop or directional),Back-Right,Loop,,
Locomotion,@CA_InjuredWalk_BR_Pivot,Injured Walk Back-Right Pivot,Walk locomotion (start/loop/stop or directional),Back-Right,,,
Locomotion,@CA_InjuredWalk_BR_Start,Injured Walk Back-Right Start,Walk locomotion (start/loop/stop or directional),Back-Right,Start,,
Locomotion,@CA_InjuredWalk_BR_Stop,Injured Walk Back-Right Stop,Walk locomotion (start/loop/stop or directional),Back-Right,Stop,,
Locomotion,@CA_InjuredWalk_Bwd_Loop,Injured Walk Backward Loop,Walk locomotion (start/loop/stop or directional),Backward,Loop,,
Locomotion,@CA_InjuredWalk_Bwd_Pivot,Injured Walk Backward Pivot,Walk locomotion (start/loop/stop or directional),Backward,,,
Locomotion,@CA_InjuredWalk_Bwd_Start,Injured Walk Backward Start,Walk locomotion (start/loop/stop or directional),Backward,Start,,
Locomotion,@CA_InjuredWalk_Bwd_Stop,Injured Walk Backward Stop,Walk locomotion (start/loop/stop or directional),Backward,Stop,,
Locomotion,@CA_InjuredWalk_FL_Loop,Injured Walk Forward-Left Loop,Walk locomotion (start/loop/stop or directional),Forward-Left,Loop,,
Locomotion,@CA_InjuredWalk_FL_Pivot,Injured Walk Forward-Left Pivot,Walk locomotion (start/loop/stop or directional),Forward-Left,,,
Locomotion,@CA_InjuredWalk_FL_Start,Injured Walk Forward-Left Start,Walk locomotion (start/loop/stop or directional),Forward-Left,Start,,
Locomotion,@CA_InjuredWalk_FL_Stop,Injured Walk Forward-Left Stop,Walk locomotion (start/loop/stop or directional),Forward-Left,Stop,,
Locomotion,@CA_InjuredWalk_FR_Loop,Injured Walk Forward-Right Loop,Walk locomotion (start/loop/stop or directional),Forward-Right,Loop,,
Locomotion,@CA_InjuredWalk_FR_Pivot,Injured Walk Forward-Right Pivot,Walk locomotion (start/loop/stop or directional),Forward-Right,,,
Locomotion,@CA_InjuredWalk_FR_Start,Injured Walk Forward-Right Start,Walk locomotion (start/loop/stop or directional),Forward-Right,Start,,
Locomotion,@CA_InjuredWalk_FR_Stop,Injured Walk Forward-Right Stop,Walk locomotion (start/loop/stop or directional),Forward-Right,Stop,,
Locomotion,@CA_InjuredWalk_Fwd_Loop,Injured Walk Forward Loop,Walk locomotion (start/loop/stop or directional),Forward,Loop,,
Locomotion,@CA_InjuredWalk_Fwd_Pivot,Injured Walk Forward Pivot,Walk locomotion (start/loop/stop or directional),Forward,,,
Locomotion,@CA_InjuredWalk_Fwd_Start,Injured Walk Forward Start,Walk locomotion (start/loop/stop or directional),Forward,Start,,
Locomotion,@CA_InjuredWalk_Fwd_Stop,Injured Walk Forward Stop,Walk locomotion (start/loop/stop or directional),Forward,Stop,,
Locomotion,@CA_InjuredWalk_Fwd_TurnL,Injured Walk Forward Turn L,Walk locomotion (start/loop/stop or directional),Forward,,,
Locomotion,@CA_InjuredWalk_Fwd_TurnL_180,Injured Walk Forward Turn L 180,Walk locomotion (start/loop/stop or directional),Forward,,180°,
Locomotion,@CA_InjuredWalk_Fwd_TurnL_90,Injured Walk Forward Turn L 90,Walk locomotion (start/loop/stop or directional),Forward,,90°,
Locomotion,@CA_InjuredWalk_Fwd_TurnR,Injured Walk Forward Turn R,Walk locomotion (start/loop/stop or directional),Forward,,,
Locomotion,@CA_InjuredWalk_Fwd_TurnR_180,Injured Walk Forward Turn R 180,Walk locomotion (start/loop/stop or directional),Forward,,180°,
Locomotion,@CA_InjuredWalk_Fwd_TurnR_90,Injured Walk Forward Turn R 90,Walk locomotion (start/loop/stop or directional),Forward,,90°,
Locomotion,@CA_InjuredWalk_Left2_Loop,Injured Walk Left2 Loop,Walk locomotion (start/loop/stop or directional),,Loop,,
Locomotion,@CA_InjuredWalk_Left2_Pivot,Injured Walk Left2 Pivot,Walk locomotion (start/loop/stop or directional),,,,
Locomotion,@CA_InjuredWalk_Left2_Start,Injured Walk Left2 Start,Walk locomotion (start/loop/stop or directional),,Start,,
Locomotion,@CA_InjuredWalk_Left2_Stop,Injured Walk Left2 Stop,Walk locomotion (start/loop/stop or directional),,Stop,,
Locomotion,@CA_InjuredWalk_Left_Loop,Injured Walk Left Loop,Walk locomotion (start/loop/stop or directional),Left,Loop,,
Locomotion,@CA_InjuredWalk_Left_Pivot,Injured Walk Left Pivot,Walk locomotion (start/loop/stop or directional),Left,,,
Locomotion,@CA_InjuredWalk_Left_Start,Injured Walk Left Start,Walk locomotion (start/loop/stop or directional),Left,Start,,
Locomotion,@CA_InjuredWalk_Left_Stop,Injured Walk Left Stop,Walk locomotion (start/loop/stop or directional),Left,Stop,,
Locomotion,@CA_InjuredWalk_Right2_Pivot,Injured Walk Right2 Pivot,Walk locomotion (start/loop/stop or directional),,,,
Locomotion,@CA_InjuredWalk_Right_Loop,Injured Walk Right Loop,Walk locomotion (start/loop/stop or directional),Right,Loop,,
Locomotion,@CA_InjuredWalk_Right_Pivot,Injured Walk Right Pivot,Walk locomotion (start/loop/stop or directional),Right,,,
Locomotion,@CA_InjuredWalk_Right_Start,Injured Walk Right Start,Walk locomotion (start/loop/stop or directional),Right,Start,,
Locomotion,@CA_InjuredWalk_Right_Stop,Injured Walk Right Stop,Walk locomotion (start/loop/stop or directional),Right,Stop,,
Locomotion,@CA_Run_BL_Loop,Run Back-Left Loop,Run/sprint locomotion,Back-Left,Loop,,
Locomotion,@CA_Run_BL_Pivot,Run Back-Left Pivot,Run/sprint locomotion,Back-Left,,,
Locomotion,@CA_Run_BL_Start,Run Back-Left Start,Run/sprint locomotion,Back-Left,Start,,
Locomotion,@CA_Run_BL_Stop,Run Back-Left Stop,Run/sprint locomotion,Back-Left,Stop,,
Locomotion,@CA_Run_BR_Loop,Run Back-Right Loop,Run/sprint locomotion,Back-Right,Loop,,
Locomotion,@CA_Run_BR_Pivot,Run Back-Right Pivot,Run/sprint locomotion,Back-Right,,,
Locomotion,@CA_Run_BR_Start,Run Back-Right Start,Run/sprint locomotion,Back-Right,Start,,
Locomotion,@CA_Run_BR_Stop,Run Back-Right Stop,Run/sprint locomotion,Back-Right,Stop,,
Locomotion,@CA_Run_Bwd_Loop,Run Backward Loop,Run/sprint locomotion,Backward,Loop,,
Locomotion,@CA_Run_Bwd_Pivot,Run Backward Pivot,Run/sprint locomotion,Backward,,,
Locomotion,@CA_Run_Bwd_Start,Run Backward Start,Run/sprint locomotion,Backward,Start,,
Locomotion,@CA_Run_Bwd_Stop,Run Backward Stop,Run/sprint locomotion,Backward,Stop,,
Locomotion,@CA_Run_FL_Loop,Run Forward-Left Loop,Run/sprint locomotion,Forward-Left,Loop,,
Locomotion,@CA_Run_FL_Pivot,Run Forward-Left Pivot,Run/sprint locomotion,Forward-Left,,,
Locomotion,@CA_Run_FL_Start,Run Forward-Left Start,Run/sprint locomotion,Forward-Left,Start,,
Locomotion,@CA_Run_FL_Stop,Run Forward-Left Stop,Run/sprint locomotion,Forward-Left,Stop,,
Locomotion,@CA_Run_FR_Loop,Run Forward-Right Loop,Run/sprint locomotion,Forward-Right,Loop,,
Locomotion,@CA_Run_FR_Pivot,Run Forward-Right Pivot,Run/sprint locomotion,Forward-Right,,,
Locomotion,@CA_Run_FR_Start,Run Forward-Right Start,Run/sprint locomotion,Forward-Right,Start,,
Locomotion,@CA_Run_FR_Stop,Run Forward-Right Stop,Run/sprint locomotion,Forward-Right,Stop,,
Locomotion,@CA_Run_Fwd_Loop,Run Forward Loop,Run/sprint locomotion,Forward,Loop,,
Locomotion,@CA_Run_Fwd_Pivot,Run Forward Pivot,Run/sprint locomotion,Forward,,,
Locomotion,@CA_Run_Fwd_Start,Run Forward Start,Run/sprint locomotion,Forward,Start,,
Locomotion,@CA_Run_Fwd_Stop,Run Forward Stop,Run/sprint locomotion,Forward,Stop,,
Locomotion,@CA_Run_Fwd_TurnL,Run Forward Turn L,Run/sprint locomotion,Forward,,,
Locomotion,@CA_Run_Fwd_TurnL_180,Run Forward Turn L 180,Run/sprint locomotion,Forward,,180°,
Locomotion,@CA_Run_Fwd_TurnL_90,Run Forward Turn L 90,Run/sprint locomotion,Forward,,90°,
Locomotion,@CA_Run_Fwd_TurnR,Run Forward Turn R,Run/sprint locomotion,Forward,,,
Locomotion,@CA_Run_Fwd_TurnR_180,Run Forward Turn R 180,Run/sprint locomotion,Forward,,180°,
Locomotion,@CA_Run_Fwd_TurnR_90,Run Forward Turn R 90,Run/sprint locomotion,Forward,,90°,
Locomotion,@CA_Run_Left2_Loop,Run Left2 Loop,Run/sprint locomotion,,Loop,,
Locomotion,@CA_Run_Left2_Pivot,Run Left2 Pivot,Run/sprint locomotion,,,,
Locomotion,@CA_Run_Left2_Start,Run Left2 Start,Run/sprint locomotion,,Start,,
Locomotion,@CA_Run_Left2_Stop,Run Left2 Stop,Run/sprint locomotion,,Stop,,
Locomotion,@CA_Run_Left_Loop,Run Left Loop,Run/sprint locomotion,Left,Loop,,
Locomotion,@CA_Run_Left_Pivot,Run Left Pivot,Run/sprint locomotion,Left,,,
Locomotion,@CA_Run_Left_Start,Run Left Start,Run/sprint locomotion,Left,Start,,
Locomotion,@CA_Run_Left_Stop,Run Left Stop,Run/sprint locomotion,Left,Stop,,
Locomotion,@CA_Run_Right2_Pivot,Run Right2 Pivot,Run/sprint locomotion,,,,
Locomotion,@CA_Run_Right_Loop,Run Right Loop,Run/sprint locomotion,Right,Loop,,
Locomotion,@CA_Run_Right_Pivot,Run Right Pivot,Run/sprint locomotion,Right,,,
Locomotion,@CA_Run_Right_Start,Run Right Start,Run/sprint locomotion,Right,Start,,
Locomotion,@CA_Run_Right_Stop,Run Right Stop,Run/sprint locomotion,Right,Stop,,
Locomotion,@CA_SelfDestruction_Injury_TurnLeft_180,Self Destruction Injury Turn Left 180,Injured locomotion,,,180°,
Locomotion,@CA_SelfDestruction_Injury_TurnLeft_90,Self Destruction Injury Turn Left 90,Injured locomotion,,,90°,
Locomotion,@CA_SelfDestruction_Injury_TurnRight_180,Self Destruction Injury Turn Right 180,Injured locomotion,,,180°,
Locomotion,@CA_SelfDestruction_Injury_TurnRight_90,Self Destruction Injury Turn Right 90,Injured locomotion,,,90°,
Locomotion,@CA_Sprint_BL_Loop,Sprint Back-Left Loop,Run/sprint locomotion,Back-Left,Loop,,
Locomotion,@CA_Sprint_BL_Pivot,Sprint Back-Left Pivot,Run/sprint locomotion,Back-Left,,,
Locomotion,@CA_Sprint_BL_Start,Sprint Back-Left Start,Run/sprint locomotion,Back-Left,Start,,
Locomotion,@CA_Sprint_BL_Stop,Sprint Back-Left Stop,Run/sprint locomotion,Back-Left,Stop,,
Locomotion,@CA_Sprint_BR_Loop,Sprint Back-Right Loop,Run/sprint locomotion,Back-Right,Loop,,
Locomotion,@CA_Sprint_BR_Pivot,Sprint Back-Right Pivot,Run/sprint locomotion,Back-Right,,,
Locomotion,@CA_Sprint_BR_Start,Sprint Back-Right Start,Run/sprint locomotion,Back-Right,Start,,
Locomotion,@CA_Sprint_BR_Stop,Sprint Back-Right Stop,Run/sprint locomotion,Back-Right,Stop,,
Locomotion,@CA_Sprint_Bwd_Loop,Sprint Backward Loop,Run/sprint locomotion,Backward,Loop,,
Locomotion,@CA_Sprint_Bwd_Pivot,Sprint Backward Pivot,Run/sprint locomotion,Backward,,,
Locomotion,@CA_Sprint_Bwd_Start,Sprint Backward Start,Run/sprint locomotion,Backward,Start,,
Locomotion,@CA_Sprint_Bwd_Stop,Sprint Backward Stop,Run/sprint locomotion,Backward,Stop,,
Locomotion,@CA_Sprint_FL_Loop,Sprint Forward-Left Loop,Run/sprint locomotion,Forward-Left,Loop,,
Locomotion,@CA_Sprint_FL_Pivot,Sprint Forward-Left Pivot,Run/sprint locomotion,Forward-Left,,,
Locomotion,@CA_Sprint_FL_Start,Sprint Forward-Left Start,Run/sprint locomotion,Forward-Left,Start,,
Locomotion,@CA_Sprint_FL_Stop,Sprint Forward-Left Stop,Run/sprint locomotion,Forward-Left,Stop,,
Locomotion,@CA_Sprint_FR_Loop,Sprint Forward-Right Loop,Run/sprint locomotion,Forward-Right,Loop,,
Locomotion,@CA_Sprint_FR_Pivot,Sprint Forward-Right Pivot,Run/sprint locomotion,Forward-Right,,,
Locomotion,@CA_Sprint_FR_Start,Sprint Forward-Right Start,Run/sprint locomotion,Forward-Right,Start,,
Locomotion,@CA_Sprint_FR_Stop,Sprint Forward-Right Stop,Run/sprint locomotion,Forward-Right,Stop,,
Locomotion,@CA_Sprint_Fwd_Loop,Sprint Forward Loop,Run/sprint locomotion,Forward,Loop,,
Locomotion,@CA_Sprint_Fwd_Pivot,Sprint Forward Pivot,Run/sprint locomotion,Forward,,,
Locomotion,@CA_Sprint_Fwd_Start,Sprint Forward Start,Run/sprint locomotion,Forward,Start,,
Locomotion,@CA_Sprint_Fwd_Stop,Sprint Forward Stop,Run/sprint locomotion,Forward,Stop,,
Locomotion,@CA_Sprint_Fwd_TurnL,Sprint Forward Turn L,Run/sprint locomotion,Forward,,,
Locomotion,@CA_Sprint_Fwd_TurnL_180,Sprint Forward Turn L 180,Run/sprint locomotion,Forward,,180°,
Locomotion,@CA_Sprint_Fwd_TurnL_90,Sprint Forward Turn L 90,Run/sprint locomotion,Forward,,90°,
Locomotion,@CA_Sprint_Fwd_TurnR,Sprint Forward Turn R,Run/sprint locomotion,Forward,,,
Locomotion,@CA_Sprint_Fwd_TurnR_180,Sprint Forward Turn R 180,Run/sprint locomotion,Forward,,180°,
Locomotion,@CA_Sprint_Fwd_TurnR_90,Sprint Forward Turn R 90,Run/sprint locomotion,Forward,,90°,
Locomotion,@CA_Sprint_Left2_Loop,Sprint Left2 Loop,Run/sprint locomotion,,Loop,,
Locomotion,@CA_Sprint_Left2_Pivot,Sprint Left2 Pivot,Run/sprint locomotion,,,,
Locomotion,@CA_Sprint_Left2_Start,Sprint Left2 Start,Run/sprint locomotion,,Start,,
Locomotion,@CA_Sprint_Left2_Stop,Sprint Left2 Stop,Run/sprint locomotion,,Stop,,
Locomotion,@CA_Sprint_Left_Loop,Sprint Left Loop,Run/sprint locomotion,Left,Loop,,
Locomotion,@CA_Sprint_Left_Pivot,Sprint Left Pivot,Run/sprint locomotion,Left,,,
Locomotion,@CA_Sprint_Left_Start,Sprint Left Start,Run/sprint locomotion,Left,Start,,
Locomotion,@CA_Sprint_Left_Stop,Sprint Left Stop,Run/sprint locomotion,Left,Stop,,
Locomotion,@CA_Sprint_Right2_Pivot,Sprint Right2 Pivot,Run/sprint locomotion,,,,
Locomotion,@CA_Sprint_Right_Loop,Sprint Right Loop,Run/sprint locomotion,Right,Loop,,
Locomotion,@CA_Sprint_Right_Pivot,Sprint Right Pivot,Run/sprint locomotion,Right,,,
Locomotion,@CA_Sprint_Right_Start,Sprint Right Start,Run/sprint locomotion,Right,Start,,
Locomotion,@CA_Sprint_Right_Stop,Sprint Right Stop,Run/sprint locomotion,Right,Stop,,
Locomotion,@CA_TurnLeft_180,Turn Left 180,Turn-in-place (locomotion set),,,180°,
Locomotion,@CA_TurnLeft_90,Turn Left 90,Turn-in-place (locomotion set),,,90°,
Locomotion,@CA_TurnRight_180,Turn Right 180,Turn-in-place (locomotion set),,,180°,
Locomotion,@CA_TurnRight_90,Turn Right 90,Turn-in-place (locomotion set),,,90°,
Locomotion,@CA_Walk_BL_Loop,Walk Back-Left Loop,Walk locomotion (start/loop/stop or directional),Back-Left,Loop,,
Locomotion,@CA_Walk_BL_Pivot,Walk Back-Left Pivot,Walk locomotion (start/loop/stop or directional),Back-Left,,,
Locomotion,@CA_Walk_BL_Start,Walk Back-Left Start,Walk locomotion (start/loop/stop or directional),Back-Left,Start,,
Locomotion,@CA_Walk_BL_Stop,Walk Back-Left Stop,Walk locomotion (start/loop/stop or directional),Back-Left,Stop,,
Locomotion,@CA_Walk_BR_Loop,Walk Back-Right Loop,Walk locomotion (start/loop/stop or directional),Back-Right,Loop,,
Locomotion,@CA_Walk_BR_Pivot,Walk Back-Right Pivot,Walk locomotion (start/loop/stop or directional),Back-Right,,,
Locomotion,@CA_Walk_BR_Start,Walk Back-Right Start,Walk locomotion (start/loop/stop or directional),Back-Right,Start,,
Locomotion,@CA_Walk_BR_Stop,Walk Back-Right Stop,Walk locomotion (start/loop/stop or directional),Back-Right,Stop,,
Locomotion,@CA_Walk_Bwd_Loop,Walk Backward Loop,Walk locomotion (start/loop/stop or directional),Backward,Loop,,
Locomotion,@CA_Walk_Bwd_Pivot,Walk Backward Pivot,Walk locomotion (start/loop/stop or directional),Backward,,,
Locomotion,@CA_Walk_Bwd_Start,Walk Backward Start,Walk locomotion (start/loop/stop or directional),Backward,Start,,
Locomotion,@CA_Walk_Bwd_Stop,Walk Backward Stop,Walk locomotion (start/loop/stop or directional),Backward,Stop,,
Locomotion,@CA_Walk_FL_Loop,Walk Forward-Left Loop,Walk locomotion (start/loop/stop or directional),Forward-Left,Loop,,
Locomotion,@CA_Walk_FL_Pivot,Walk Forward-Left Pivot,Walk locomotion (start/loop/stop or directional),Forward-Left,,,
Locomotion,@CA_Walk_FL_Start,Walk Forward-Left Start,Walk locomotion (start/loop/stop or directional),Forward-Left,Start,,
Locomotion,@CA_Walk_FL_Stop,Walk Forward-Left Stop,Walk locomotion (start/loop/stop or directional),Forward-Left,Stop,,
Locomotion,@CA_Walk_FR_Loop,Walk Forward-Right Loop,Walk locomotion (start/loop/stop or directional),Forward-Right,Loop,,
Locomotion,@CA_Walk_FR_Pivot,Walk Forward-Right Pivot,Walk locomotion (start/loop/stop or directional),Forward-Right,,,
Locomotion,@CA_Walk_FR_Start,Walk Forward-Right Start,Walk locomotion (start/loop/stop or directional),Forward-Right,Start,,
Locomotion,@CA_Walk_FR_Stop,Walk Forward-Right Stop,Walk locomotion (start/loop/stop or directional),Forward-Right,Stop,,
Locomotion,@CA_Walk_Fwd_Loop,Walk Forward Loop,Walk locomotion (start/loop/stop or directional),Forward,Loop,,
Locomotion,@CA_Walk_Fwd_Pivot,Walk Forward Pivot,Walk locomotion (start/loop/stop or directional),Forward,,,
Locomotion,@CA_Walk_Fwd_Start,Walk Forward Start,Walk locomotion (start/loop/stop or directional),Forward,Start,,
Locomotion,@CA_Walk_Fwd_Stop,Walk Forward Stop,Walk locomotion (start/loop/stop or directional),Forward,Stop,,
Locomotion,@CA_Walk_Fwd_TurnL,Walk Forward Turn L,Walk locomotion (start/loop/stop or directional),Forward,,,
Locomotion,@CA_Walk_Fwd_TurnL_180,Walk Forward Turn L 180,Walk locomotion (start/loop/stop or directional),Forward,,180°,
Locomotion,@CA_Walk_Fwd_TurnL_90,Walk Forward Turn L 90,Walk locomotion (start/loop/stop or directional),Forward,,90°,
Locomotion,@CA_Walk_Fwd_TurnR,Walk Forward Turn R,Walk locomotion (start/loop/stop or directional),Forward,,,
Locomotion,@CA_Walk_Fwd_TurnR_180,Walk Forward Turn R 180,Walk locomotion (start/loop/stop or directional),Forward,,180°,
Locomotion,@CA_Walk_Fwd_TurnR_90,Walk Forward Turn R 90,Walk locomotion (start/loop/stop or directional),Forward,,90°,
Locomotion,@CA_Walk_Left2_Loop,Walk Left2 Loop,Walk locomotion (start/loop/stop or directional),,Loop,,
Locomotion,@CA_Walk_Left2_Pivot,Walk Left2 Pivot,Walk locomotion (start/loop/stop or directional),,,,
Locomotion,@CA_Walk_Left2_Start,Walk Left2 Start,Walk locomotion (start/loop/stop or directional),,Start,,
Locomotion,@CA_Walk_Left2_Stop,Walk Left2 Stop,Walk locomotion (start/loop/stop or directional),,Stop,,
Locomotion,@CA_Walk_Left_Loop,Walk Left Loop,Walk locomotion (start/loop/stop or directional),Left,Loop,,
Locomotion,@CA_Walk_Left_Pivot,Walk Left Pivot,Walk locomotion (start/loop/stop or directional),Left,,,
Locomotion,@CA_Walk_Left_Start,Walk Left Start,Walk locomotion (start/loop/stop or directional),Left,Start,,
Locomotion,@CA_Walk_Left_Stop,Walk Left Stop,Walk locomotion (start/loop/stop or directional),Left,Stop,,
Locomotion,@CA_Walk_Right2_Pivot,Walk Right2 Pivot,Walk locomotion (start/loop/stop or directional),,,,
Locomotion,@CA_Walk_Right_Loop,Walk Right Loop,Walk locomotion (start/loop/stop or directional),Right,Loop,,
Locomotion,@CA_Walk_Right_Pivot,Walk Right Pivot,Walk locomotion (start/loop/stop or directional),Right,,,
Locomotion,@CA_Walk_Right_Start,Walk Right Start,Walk locomotion (start/loop/stop or directional),Right,Start,,
Locomotion,@CA_Walk_Right_Stop,Walk Right Stop,Walk locomotion (start/loop/stop or directional),Right,Stop,,
ObjectGrab,@CA_ObjectGrabToPushHard,Object Grab To Push Hard,Grab / pick up object,,,,
ObjectGrab,@CA_ObjectGrab_End,Object Grab End,Grab / pick up object,,End,,
ObjectGrab,@CA_ObjectGrab_Loop,Object Grab Loop,Grab / pick up object,,Loop,,
ObjectGrab,@CA_ObjectGrab_Pull_Loop,Object Grab Pull Loop,Grab / pick up object,,Loop,,
ObjectGrab,@CA_ObjectGrab_Pull_Start,Object Grab Pull Start,Grab / pick up object,,Start,,
ObjectGrab,@CA_ObjectGrab_Pull_Stop,Object Grab Pull Stop,Grab / pick up object,,Stop,,
ObjectGrab,@CA_ObjectGrab_Push_Loop,Object Grab Push Loop,Grab / pick up object,,Loop,,
ObjectGrab,@CA_ObjectGrab_Push_Start,Object Grab Push Start,Grab / pick up object,,Start,,
ObjectGrab,@CA_ObjectGrab_Push_Stop,Object Grab Push Stop,Grab / pick up object,,Stop,,
ObjectGrab,@CA_ObjectGrab_Start,Object Grab Start,Grab / pick up object,,Start,,
ObjectGrab,@CA_PushHardToObjectGrab,Push Hard To Object Grab,Grab / pick up object,,,,
ObjectGrab,@CA_PushHard_End,Push Hard End,Push object,,End,,
ObjectGrab,@CA_PushHard_Knockback,Push Hard Knockback,Push object,,,,
ObjectGrab,@CA_PushHard_Loop,Push Hard Loop,Push object,,Loop,,
ObjectGrab,@CA_PushHard_Push_Loop,Push Hard Push Loop,Push object,,Loop,,
ObjectGrab,@CA_PushHard_Push_Start,Push Hard Push Start,Push object,,Start,,
ObjectGrab,@CA_PushHard_Push_Stop,Push Hard Push Stop,Push object,,Stop,,
ObjectGrab,@CA_PushHard_Start,Push Hard Start,Push object,,Start,,
Speak,@CA_StandingSpeak01_End,Standing Speak01 End,Talking/gesture while speaking,,End,,
Speak,@CA_StandingSpeak01_Loop,Standing Speak01 Loop,Talking/gesture while speaking,,Loop,,
Speak,@CA_StandingSpeak01_Start,Standing Speak01 Start,Talking/gesture while speaking,,Start,,
Speak,@CA_StandingSpeak02_End,Standing Speak02 End,Talking/gesture while speaking,,End,,
Speak,@CA_StandingSpeak02_Loop,Standing Speak02 Loop,Talking/gesture while speaking,,Loop,,
Speak,@CA_StandingSpeak02_Start,Standing Speak02 Start,Talking/gesture while speaking,,Start,,
Speak,@CA_StandingSpeak03_End,Standing Speak03 End,Talking/gesture while speaking,,End,,
Speak,@CA_StandingSpeak03_Loop,Standing Speak03 Loop,Talking/gesture while speaking,,Loop,,
Speak,@CA_StandingSpeak03_Start,Standing Speak03 Start,Talking/gesture while speaking,,Start,,
StatusEffect,@CA_StatusEffect_Burning1_End1,Status Effect Burning1 End1,Burning status reaction/loop,,,,
StatusEffect,@CA_StatusEffect_Burning1_End2,Status Effect Burning1 End2,Burning status reaction/loop,,,,
StatusEffect,@CA_StatusEffect_Burning1_Loop,Status Effect Burning1 Loop,Burning status reaction/loop,,Loop,,
StatusEffect,@CA_StatusEffect_Burning1_Start,Status Effect Burning1 Start,Burning status reaction/loop,,Start,,
StatusEffect,@CA_StatusEffect_Burning2_End1,Status Effect Burning2 End1,Burning status reaction/loop,,,,
StatusEffect,@CA_StatusEffect_Burning2_End2,Status Effect Burning2 End2,Burning status reaction/loop,,,,
StatusEffect,@CA_StatusEffect_Burning2_Loop,Status Effect Burning2 Loop,Burning status reaction/loop,,Loop,,
StatusEffect,@CA_StatusEffect_Burning2_Start,Status Effect Burning2 Start,Burning status reaction/loop,,Start,,
StatusEffect,@CA_StatusEffect_Entangled1_End1,Status Effect Entangled1 End1,Entangled/rooted reaction/loop,,,,
StatusEffect,@CA_StatusEffect_Entangled1_End2,Status Effect Entangled1 End2,Entangled/rooted reaction/loop,,,,
StatusEffect,@CA_StatusEffect_Entangled1_Loop,Status Effect Entangled1 Loop,Entangled/rooted reaction/loop,,Loop,,
StatusEffect,@CA_StatusEffect_Entangled1_Start,Status Effect Entangled1 Start,Entangled/rooted reaction/loop,,Start,,
StatusEffect,@CA_StatusEffect_Entangled2_End1,Status Effect Entangled2 End1,Entangled/rooted reaction/loop,,,,
StatusEffect,@CA_StatusEffect_Entangled2_End2,Status Effect Entangled2 End2,Entangled/rooted reaction/loop,,,,
StatusEffect,@CA_StatusEffect_Entangled2_Loop,Status Effect Entangled2 Loop,Entangled/rooted reaction/loop,,Loop,,
StatusEffect,@CA_StatusEffect_Entangled2_Start,Status Effect Entangled2 Start,Entangled/rooted reaction/loop,,Start,,
StatusEffect,@CA_StatusEffect_Frozen1_End1,Status Effect Frozen1 End1,Frozen status reaction/loop,,,,
StatusEffect,@CA_StatusEffect_Frozen1_End2,Status Effect Frozen1 End2,Frozen status reaction/loop,,,,
StatusEffect,@CA_StatusEffect_Frozen1_Loop,Status Effect Frozen1 Loop,Frozen status reaction/loop,,Loop,,
StatusEffect,@CA_StatusEffect_Frozen1_Start,Status Effect Frozen1 Start,Frozen status reaction/loop,,Start,,
StatusEffect,@CA_StatusEffect_Frozen2_End1,Status Effect Frozen2 End1,Frozen status reaction/loop,,,,
StatusEffect,@CA_StatusEffect_Frozen2_End2,Status Effect Frozen2 End2,Frozen status reaction/loop,,,,
StatusEffect,@CA_StatusEffect_Frozen2_Loop,Status Effect Frozen2 Loop,Frozen status reaction/loop,,Loop,,
StatusEffect,@CA_StatusEffect_Frozen2_Start,Status Effect Frozen2 Start,Frozen status reaction/loop,,Start,,
StatusEffect,@CA_StatusEffect_Poisoned1_End1,Status Effect Poisoned1 End1,Poisoned status reaction/loop,,,,
StatusEffect,@CA_StatusEffect_Poisoned1_End2,Status Effect Poisoned1 End2,Poisoned status reaction/loop,,,,
StatusEffect,@CA_StatusEffect_Poisoned1_Loop,Status Effect Poisoned1 Loop,Poisoned status reaction/loop,,Loop,,
StatusEffect,@CA_StatusEffect_Poisoned1_Start,Status Effect Poisoned1 Start,Poisoned status reaction/loop,,Start,,
StatusEffect,@CA_StatusEffect_Poisoned2_End1,Status Effect Poisoned2 End1,Poisoned status reaction/loop,,,,
StatusEffect,@CA_StatusEffect_Poisoned2_End2,Status Effect Poisoned2 End2,Poisoned status reaction/loop,,,,
StatusEffect,@CA_StatusEffect_Poisoned2_Loop,Status Effect Poisoned2 Loop,Poisoned status reaction/loop,,Loop,,
StatusEffect,@CA_StatusEffect_Poisoned2_Start,Status Effect Poisoned2 Start,Poisoned status reaction/loop,,Start,,
StatusEffect,@CA_StatusEffect_Shocked1_End1,Status Effect Shocked1 End1,Shocked/electrocuted reaction/loop,,,,
StatusEffect,@CA_StatusEffect_Shocked1_End2,Status Effect Shocked1 End2,Shocked/electrocuted reaction/loop,,,,
StatusEffect,@CA_StatusEffect_Shocked1_Loop,Status Effect Shocked1 Loop,Shocked/electrocuted reaction/loop,,Loop,,
StatusEffect,@CA_StatusEffect_Shocked1_Start,Status Effect Shocked1 Start,Shocked/electrocuted reaction/loop,,Start,,
StatusEffect,@CA_StatusEffect_Shocked2_End1,Status Effect Shocked2 End1,Shocked/electrocuted reaction/loop,,,,
StatusEffect,@CA_StatusEffect_Shocked2_End2,Status Effect Shocked2 End2,Shocked/electrocuted reaction/loop,,,,
StatusEffect,@CA_StatusEffect_Shocked2_Loop,Status Effect Shocked2 Loop,Shocked/electrocuted reaction/loop,,Loop,,
StatusEffect,@CA_StatusEffect_Shocked2_Start,Status Effect Shocked2 Start,Shocked/electrocuted reaction/loop,,Start,,
WallClimbing,@CA_WallClimbing_DownLeft_Loop,Wall Climbing Down Left Loop,Wall climb (8-direction variants),,Loop,,
WallClimbing,@CA_WallClimbing_DownLeft_Quickly,Wall Climbing Down Left Quickly,Wall climb (8-direction variants),,,,
WallClimbing,@CA_WallClimbing_DownLeft_Start,Wall Climbing Down Left Start,Wall climb (8-direction variants),,Start,,
WallClimbing,@CA_WallClimbing_DownLeft_Stop,Wall Climbing Down Left Stop,Wall climb (8-direction variants),,Stop,,
WallClimbing,@CA_WallClimbing_DownRight_Loop,Wall Climbing Down Right Loop,Wall climb (8-direction variants),,Loop,,
WallClimbing,@CA_WallClimbing_DownRight_Quickly,Wall Climbing Down Right Quickly,Wall climb (8-direction variants),,,,
WallClimbing,@CA_WallClimbing_DownRight_Start,Wall Climbing Down Right Start,Wall climb (8-direction variants),,Start,,
WallClimbing,@CA_WallClimbing_DownRight_Stop,Wall Climbing Down Right Stop,Wall climb (8-direction variants),,Stop,,
WallClimbing,@CA_WallClimbing_Down_Loop,Wall Climbing Down Loop,Wall climb (8-direction variants),Down,Loop,,
WallClimbing,@CA_WallClimbing_Down_Quickly,Wall Climbing Down Quickly,Wall climb (8-direction variants),Down,,,
WallClimbing,@CA_WallClimbing_Down_Start,Wall Climbing Down Start,Wall climb (8-direction variants),Down,Start,,
WallClimbing,@CA_WallClimbing_Down_Stop,Wall Climbing Down Stop,Wall climb (8-direction variants),Down,Stop,,
WallClimbing,@CA_WallClimbing_End1,Wall Climbing End1,Wall climb (8-direction variants),,,,
WallClimbing,@CA_WallClimbing_End2,Wall Climbing End2,Wall climb (8-direction variants),,,,
WallClimbing,@CA_WallClimbing_FromJump,Wall Climbing From Jump,Wall climb (8-direction variants),,,,
WallClimbing,@CA_WallClimbing_FromRelease,Wall Climbing From Release,Wall climb (8-direction variants),,,,
WallClimbing,@CA_WallClimbing_Idle01,Wall Climbing Idle01,Wall climb (8-direction variants),,,,
WallClimbing,@CA_WallClimbing_Idle02,Wall Climbing Idle02,Wall climb (8-direction variants),,,,
WallClimbing,@CA_WallClimbing_JumpBack_Set,Wall Climbing Jump Back Set,Wall climb (8-direction variants),,,,
WallClimbing,@CA_WallClimbing_JumpBack_Set_End,Wall Climbing Jump Back Set End,Wall climb (8-direction variants),,End,,
WallClimbing,@CA_WallClimbing_JumpBack_Set_Loop,Wall Climbing Jump Back Set Loop,Wall climb (8-direction variants),,Loop,,
WallClimbing,@CA_WallClimbing_JumpBack_Start,Wall Climbing Jump Back Start,Wall climb (8-direction variants),,Start,,
WallClimbing,@CA_WallClimbing_JumpLeft_End,Wall Climbing Jump Left End,Wall climb (8-direction variants),,End,,
WallClimbing,@CA_WallClimbing_JumpLeft_Set,Wall Climbing Jump Left Set,Wall climb (8-direction variants),,,,
WallClimbing,@CA_WallClimbing_JumpLeft_Set_End,Wall Climbing Jump Left Set End,Wall climb (8-direction variants),,End,,
WallClimbing,@CA_WallClimbing_JumpLeft_Set_Loop,Wall Climbing Jump Left Set Loop,Wall climb (8-direction variants),,Loop,,
WallClimbing,@CA_WallClimbing_JumpLeft_Start,Wall Climbing Jump Left Start,Wall climb (8-direction variants),,Start,,
WallClimbing,@CA_WallClimbing_JumpRight_End,Wall Climbing Jump Right End,Wall climb (8-direction variants),,End,,
WallClimbing,@CA_WallClimbing_JumpRight_Set,Wall Climbing Jump Right Set,Wall climb (8-direction variants),,,,
WallClimbing,@CA_WallClimbing_JumpRight_Set_End,Wall Climbing Jump Right Set End,Wall climb (8-direction variants),,End,,
WallClimbing,@CA_WallClimbing_JumpRight_Set_Loop,Wall Climbing Jump Right Set Loop,Wall climb (8-direction variants),,Loop,,
WallClimbing,@CA_WallClimbing_JumpRight_Start,Wall Climbing Jump Right Start,Wall climb (8-direction variants),,Start,,
WallClimbing,@CA_WallClimbing_JumpUpLeft_Set,Wall Climbing Jump Up Left Set,Wall climb (8-direction variants),,,,
WallClimbing,@CA_WallClimbing_JumpUpLeft_Set_End,Wall Climbing Jump Up Left Set End,Wall climb (8-direction variants),,End,,
WallClimbing,@CA_WallClimbing_JumpUpLeft_Set_Loop,Wall Climbing Jump Up Left Set Loop,Wall climb (8-direction variants),,Loop,,
WallClimbing,@CA_WallClimbing_JumpUpLeft_Start,Wall Climbing Jump Up Left Start,Wall climb (8-direction variants),,Start,,
WallClimbing,@CA_WallClimbing_JumpUpRight_Set,Wall Climbing Jump Up Right Set,Wall climb (8-direction variants),,,,
WallClimbing,@CA_WallClimbing_JumpUpRight_Set_End,Wall Climbing Jump Up Right Set End,Wall climb (8-direction variants),,End,,
WallClimbing,@CA_WallClimbing_JumpUpRight_Set_Loop,Wall Climbing Jump Up Right Set Loop,Wall climb (8-direction variants),,Loop,,
WallClimbing,@CA_WallClimbing_JumpUpRight_Start,Wall Climbing Jump Up Right Start,Wall climb (8-direction variants),,Start,,
WallClimbing,@CA_WallClimbing_JumpUp_End,Wall Climbing Jump Up End,Wall climb (8-direction variants),,End,,
WallClimbing,@CA_WallClimbing_JumpUp_Set,Wall Climbing Jump Up Set,Wall climb (8-direction variants),,,,
WallClimbing,@CA_WallClimbing_JumpUp_Set_End,Wall Climbing Jump Up Set End,Wall climb (8-direction variants),,End,,
WallClimbing,@CA_WallClimbing_JumpUp_Set_Loop,Wall Climbing Jump Up Set Loop,Wall climb (8-direction variants),,Loop,,
WallClimbing,@CA_WallClimbing_JumpUp_Start,Wall Climbing Jump Up Start,Wall climb (8-direction variants),,Start,,
WallClimbing,@CA_WallClimbing_Left_Loop,Wall Climbing Left Loop,Wall climb (8-direction variants),Left,Loop,,
WallClimbing,@CA_WallClimbing_Left_Quickly,Wall Climbing Left Quickly,Wall climb (8-direction variants),Left,,,
WallClimbing,@CA_WallClimbing_Left_Start,Wall Climbing Left Start,Wall climb (8-direction variants),Left,Start,,
WallClimbing,@CA_WallClimbing_Left_Stop,Wall Climbing Left Stop,Wall climb (8-direction variants),Left,Stop,,
WallClimbing,@CA_WallClimbing_Release,Wall Climbing Release,Wall climb (8-direction variants),,,,
WallClimbing,@CA_WallClimbing_Right_Loop,Wall Climbing Right Loop,Wall climb (8-direction variants),Right,Loop,,
WallClimbing,@CA_WallClimbing_Right_Quickly,Wall Climbing Right Quickly,Wall climb (8-direction variants),Right,,,
WallClimbing,@CA_WallClimbing_Right_Start,Wall Climbing Right Start,Wall climb (8-direction variants),Right,Start,,
WallClimbing,@CA_WallClimbing_Right_Stop,Wall Climbing Right Stop,Wall climb (8-direction variants),Right,Stop,,
WallClimbing,@CA_WallClimbing_Start1,Wall Climbing Start1,Wall climb (8-direction variants),,,,
WallClimbing,@CA_WallClimbing_Start2,Wall Climbing Start2,Wall climb (8-direction variants),,,,
WallClimbing,@CA_WallClimbing_UpLeft_Loop,Wall Climbing Up Left Loop,Wall climb (8-direction variants),,Loop,,
WallClimbing,@CA_WallClimbing_UpLeft_Quickly,Wall Climbing Up Left Quickly,Wall climb (8-direction variants),,,,
WallClimbing,@CA_WallClimbing_UpLeft_Start,Wall Climbing Up Left Start,Wall climb (8-direction variants),,Start,,
WallClimbing,@CA_WallClimbing_UpLeft_Stop,Wall Climbing Up Left Stop,Wall climb (8-direction variants),,Stop,,
WallClimbing,@CA_WallClimbing_UpRight_Loop,Wall Climbing Up Right Loop,Wall climb (8-direction variants),,Loop,,
WallClimbing,@CA_WallClimbing_UpRight_Quickly,Wall Climbing Up Right Quickly,Wall climb (8-direction variants),,,,
WallClimbing,@CA_WallClimbing_UpRight_Start,Wall Climbing Up Right Start,Wall climb (8-direction variants),,Start,,
WallClimbing,@CA_WallClimbing_UpRight_Stop,Wall Climbing Up Right Stop,Wall climb (8-direction variants),,Stop,,
WallClimbing,@CA_WallClimbing_Up_Loop,Wall Climbing Up Loop,Wall climb (8-direction variants),Up,Loop,,
WallClimbing,@CA_WallClimbing_Up_Quickly,Wall Climbing Up Quickly,Wall climb (8-direction variants),Up,,,
WallClimbing,@CA_WallClimbing_Up_Start,Wall Climbing Up Start,Wall climb (8-direction variants),Up,Start,,
WallClimbing,@CA_WallClimbing_Up_Stop,Wall Climbing Up Stop,Wall climb (8-direction variants),Up,Stop,,
WallClimbing,@CA_WallRun_FromClimbing_Left_End,Wall Run From Climbing Left End,Wall run,Left,End,,
WallClimbing,@CA_WallRun_FromClimbing_Left_Loop,Wall Run From Climbing Left Loop,Wall run,Left,Loop,,
WallClimbing,@CA_WallRun_FromClimbing_Left_Start,Wall Run From Climbing Left Start,Wall run,Left,Start,,
WallClimbing,@CA_WallRun_FromClimbing_Left_Stop,Wall Run From Climbing Left Stop,Wall run,Left,Stop,,
WallClimbing,@CA_WallRun_FromClimbing_Right_End,Wall Run From Climbing Right End,Wall run,Right,End,,
WallClimbing,@CA_WallRun_FromClimbing_Right_Loop,Wall Run From Climbing Right Loop,Wall run,Right,Loop,,
WallClimbing,@CA_WallRun_FromClimbing_Right_Start,Wall Run From Climbing Right Start,Wall run,Right,Start,,
WallClimbing,@CA_WallRun_FromClimbing_Right_Stop,Wall Run From Climbing Right Stop,Wall run,Right,Stop,,
WallClimbing,@CA_WallRun_FromClimbing_UpLeft_End,Wall Run From Climbing Up Left End,Wall run,,End,,
WallClimbing,@CA_WallRun_FromClimbing_UpLeft_Loop,Wall Run From Climbing Up Left Loop,Wall run,,Loop,,
WallClimbing,@CA_WallRun_FromClimbing_UpLeft_Start,Wall Run From Climbing Up Left Start,Wall run,,Start,,
WallClimbing,@CA_WallRun_FromClimbing_UpLeft_Stop,Wall Run From Climbing Up Left Stop,Wall run,,Stop,,
WallClimbing,@CA_WallRun_FromClimbing_UpRight_End,Wall Run From Climbing Up Right End,Wall run,,End,,
WallClimbing,@CA_WallRun_FromClimbing_UpRight_Loop,Wall Run From Climbing Up Right Loop,Wall run,,Loop,,
WallClimbing,@CA_WallRun_FromClimbing_UpRight_Start,Wall Run From Climbing Up Right Start,Wall run,,Start,,
WallClimbing,@CA_WallRun_FromClimbing_UpRight_Stop,Wall Run From Climbing Up Right Stop,Wall run,,Stop,,
WallClimbing,@CA_WallRun_FromClimbing_Up_End,Wall Run From Climbing Up End,Wall run,Up,End,,
WallClimbing,@CA_WallRun_FromClimbing_Up_Loop,Wall Run From Climbing Up Loop,Wall run,Up,Loop,,
WallClimbing,@CA_WallRun_FromClimbing_Up_Start,Wall Run From Climbing Up Start,Wall run,Up,Start,,
WallClimbing,@CA_WallRun_FromClimbing_Up_Stop,Wall Run From Climbing Up Stop,Wall run,Up,Stop,,
WallClimbing,@CA_WallRun_FromStanding_Left_Start,Wall Run From Standing Left Start,Wall run,Left,Start,,
WallClimbing,@CA_WallRun_FromStanding_Right_Start,Wall Run From Standing Right Start,Wall run,Right,Start,,
WallClimbing,@CA_WallRun_FromStanding_UpLeft_Start,Wall Run From Standing Up Left Start,Wall run,,Start,,
WallClimbing,@CA_WallRun_FromStanding_UpRight_Start,Wall Run From Standing Up Right Start,Wall run,,Start,,
WallClimbing,@CA_WallRun_FromStanding_Up_Start,Wall Run From Standing Up Start,Wall run,Up,Start,,
WallClimbing,@CA_WallSlide_End,Wall Slide End,Wall slide,,End,,
WallClimbing,@CA_WallSlide_FromJump,Wall Slide From Jump,Wall slide,,,,
WallClimbing,@CA_WallSlide_FromWallClimbing,Wall Slide From Wall Climbing,Wall slide,,,,
WallClimbing,@CA_WallSlide_Jump,Wall Slide Jump,Wall slide,,,,
WallClimbing,@CA_WallSlide_Loop,Wall Slide Loop,Wall slide,,Loop,,
WallClimbing,@CA_WallSlide_Stop,Wall Slide Stop,Wall slide,,Stop,,
